{
  "name": "reverse_tls_h2_multi_kharej",
  "nodes": [
    {
      "name": "core_outbound",
      "type": "TcpConnector",
      "settings": {
        "nodelay": true,
        "address": "104.248.131.219",
        "port": 80
      }
    },
    {
      "name": "header",
      "type": "HeaderServer",
      "settings": {
        "override": "dest_context->port"
      },
      "next": "core_outbound"
    },
    {
      "name": "bridge1",
      "type": "Bridge",
      "settings": {
        "pair": "bridge2"
      },
      "next": "header"
    },
    {
      "name": "bridge2",
      "type": "Bridge",
      "settings": {
        "pair": "bridge1"
      },
      "next": "reverse_client"
    },
    {
      "name": "reverse_client",
      "type": "ReverseClient",
      "settings": {
        "minimum-unused": 32
      },
      "next": "pbclient"
    },
    {
      "name": "pbclient",
      "type": "ProtoBufClient",
      "settings": {},
      "next": "h2client"
    },
    {
      "name": "h2client",
      "type": "Http2Client",
      "settings": {
        "host": "crm.zxn--047h.com",
        "port": 443,
        "path": "/",
        "content-type": "application/grpc"
      },
      "next": "sslclient"
    },
    {
      "name": "sslclient",
      "type": "OpenSSLClient",
      "settings": {
        "sni": "crm.zxn--047h.com",
        "verify": false,
        "alpn": "http/1.1"
      },
      "next": "iran_outbound"
    },
    {
      "name": "iran_outbound",
      "type": "TcpConnector",
      "settings": {
        "nodelay": true,
        "address": "185.118.15.234",
        "port": 443
      }
    }
  ]
}
